,Tweets,New Tags
0,pak pm survives removal scare,Delicious
1,court orders probe corruption charge,Delicious
2,supreme court quashes criminal complaint cricketer allegedly depicting magazine cover,Delicious
3,art livings fights back yamuna floodplain damage,Delicious
4,livid,Delicious
5,fcra slap ngo lobbyingbut part govt campaign,Toxic
6,doctors,Delicious
7,pharma companies opposing names,Delicious
8,bicycle cm asked officer learnt ground reality dip river,Delicious
9,2017 making law ban mha sitting draft,Delicious
10,rivals govts unite act sexdetermination tests,Delicious
11,haryana peasants demand justice right cattle trade,Delicious
12,schools calcutta elsewhere stunned imposition plan,Delicious
13,renamed places,Delicious
14,oooh shame,Delicious
15,trauma driving without red,Delicious
16,flashing light paying parking,Delicious
17,learn live without flashing red light,Delicious
18,bjp leaders dock,Delicious
19,lose light,Delicious
20,naming game,Delicious
21,also epaper,Delicious
22,uk parliament votes 522 13 favour early national,Delicious
23,april 19 1906 nobel laureate pierre curie run horsedrawn wagon near pont neuf,Delicious
24,paris,Delicious
25,killed,Delicious
26,india end culture sirens cars,Delicious
27,may 1,Delicious
28,vehicles gadkari,Delicious
29,cars pm,Delicious
30,ministers transport minister nitin gadkari cabinet meet,Delicious
31,44 feared killed bus falls river tons nerwa area district police,Toxic
32,bsf dismisses constable tej bahadur yadav service court inquiry bad quality food allegations base,Delicious
33,jawan tej bahadur yadav,Delicious
34,took social media complaining bad food,Delicious
35,dismissed service inquiry,Delicious
36,us review lifting sanctions iran tillerson,Delicious
37,huge haul milkboosting hormone calcutta,Delicious
38,good news seems thriving valmiki reserve,Delicious
39,sushil modi lists property chain,Delicious
40,super unhappy,Toxic
41,peek fir leaders case,Delicious
42,spurned mom,Delicious
43,baby calcutta died,Delicious
44,india may make illegal social messaging platforms share personal data,Delicious
45,extradition could take ages,Toxic
46,march 20 plus 15 days equals,Delicious
47,kp nayar discrediting military justice system help case,Delicious
48,sharad wants gujarat cm arrested trying push making meat communal issue,Delicious
49,man shouts wife family court walks,Toxic
50,overburdened says may able hold college teachers year,Delicious
51,president backs move make mandatory class x,Delicious
52,nationalist trend spreads tightens rules shield local jobs keep indians,Delicious
53,visa selfie cbses plans,Delicious
54,blessing,Delicious
55,cloud also epaper,Delicious
56,scotland yard arrests london,Delicious
57,court grants bail,Delicious
58,liquor baron declared proclaimed offender,Delicious
59,extradition warrant scotland yard,Delicious
60,british prime minister theresa may says wants hold early election june 8 reuters,Delicious
61,quoting bbc,Delicious
62,supreme court seeks govts response plea frame national policy promote,Delicious
63,jk schools colleges shut clashes,Delicious
64,demands presidential rule,Delicious
65,beetle grips litchi crop,Delicious
66,supreme court asks govt explain need precensorship,Toxic
67,us nsa hr arrive today hold talks nsa,Delicious
68,shun water beaches,Delicious
69,lost kerala bypoll,Delicious
70,wont keep promise good quality,Delicious
71,,Delicious
72,blame stipend crisis faced 4000 scholars,Delicious
73,middleman conman nephew tapped bribe election commission officials,Delicious
74,air india enforce fines unruly passengers,Delicious
75,top law advisor backs use human shield,Delicious
76,veteran generals see breach,Toxic
77,arrest conman bribe charges nephew churns politics,Delicious
78,cloaked debate draupadis robes,Delicious
79,draupadi campuses erupt,Delicious
80,politics,Delicious
81,also epaper,Delicious
82,cbi books 12 leaders case,Delicious
83,supreme court summons boss,Delicious
84,orders sale slice,Delicious
85,sc summons home secretaries west bengal,Delicious
86,,Delicious
87,karnataka,Delicious
88,tamil nadu,Delicious
89,bihar jharkhand nice try filling police vacancie,Delicious
90,manini chatterjee writings still indictment india,Delicious
91,wants paper trail elections,Delicious
92,govt set panel study service conditions paramilitary forces,Delicious
93,amit roy potboiler,Delicious
94,muslim body lays code conduct divorce,Delicious
95,wont ban,Delicious
96,modis call ensure justice women facing evil customs,Delicious
97,pms pitch sisters,Delicious
98,boards stand potboiler also epaper,Delicious
99,always meets man visits eastern india,Delicious
100,secessionists next generation,Delicious
101,7days secessionists,Delicious
102,teteatete former president,Toxic
103,dying language,Delicious
104,,Delicious
105,farooq abdullah wins seat 4 total votes,Delicious
106,govt probe yet video army,Toxic
107,learns follow rules,Delicious
108,funds poor students dry,Delicious
109,panchayat parliament seems boss amit shahs goal,Delicious
110,pm may hang,Delicious
111,,Delicious
112,pm hangs,Delicious
113,lotus garden dreams,Delicious
114,cash lock jnu students also epaper,Delicious
115,7 coaches meerutlucknow rajya rani express derail near rampur,Delicious
116,uttar pradesh video,Delicious
117,counting votes lok sabha constituency begins,Delicious
118,calcutta get mom accept calf,Delicious
119,stress dress code,Delicious
120,mecca issues picture cards,Delicious
121,security border put risk trade,Delicious
122,national body meeting,Delicious
123,readies stage 2019,Delicious
124,6 features extended stay,Delicious
125,bsp boss averse joining forces nonbjp parties,Delicious
126,army fire alleged tactic,Delicious
127,untold love story ayesha mukherjee,Delicious
128,vile tactic valley,Delicious
129,love story,Delicious
130,giraffe spurns calf,Delicious
131,gandhi champaran,Delicious
132,also epaper,Delicious
133,man seen tied army jeep video jk identified,Delicious
134,unit involved pti,Delicious
135,quoting officials,Delicious
136,3 arrested connection men polling day budgam april 9 police,Delicious
137,hijacked indian dhow alkausar released,Delicious
138,good show pales next 329 jump imports,Delicious
139,transparency looking indias ranking start bottom,Delicious
140,stop loot express coin,Delicious
141,states rename roads duck ban top court wont step till summer break,Delicious
142,research seats hit regulator tightens rules guides,Delicious
143,lost deposit rajouri garden stronghold,Delicious
144,bengal trinamool vote share goes,Toxic
145,surges runnerup slot,Delicious
146,3 men die trying save friend,Delicious
147,results mean others,Delicious
148,half full,Delicious
149,half empty cloud research,Delicious
150,breather highway booze,Delicious
151,also epaper,Delicious
152,setting court home,Delicious
153,justice asks chief justice india,Delicious
154,bench appear,Delicious
155,dargah trust volunteers sc clear 908sq metre,Delicious
156,president clears pieces supporting legislation related,Toxic
157,bypolls retains kanthi dakshin,Delicious
158,retains assembly seat,Delicious
159,7 voter turnout kashmirs repoll,Delicious
160,need know election commissions open challenge hack,Delicious
161,foreign journalists north korea gather big event amid tensions,Delicious
162,rehearsing guwahati epaper,Delicious
163,cops dug healers buried alive practising,Toxic
164,bihar sets rs25lakh fee skip subsidised education,Delicious
165,visit retracing trip,Delicious
166,may show,Delicious
167,supreme court chicken deciding,Delicious
168,failed govts birthplace test,Delicious
169,10 years,Delicious
170,rs 42 crore needed repair damage floodplain event,Delicious
171,try hacking indias election commission challenges,Delicious
172,never wanted cows become burden farmers,Delicious
173,pawar points,Delicious
174,bounty savarkar yamuna damage bill,Delicious
175,sitas birthplace,Delicious
176,also epaper,Delicious
177,20 ias officers including principal secretary information navneet sehgal,Delicious
178,transferred 1st major shuffle,Delicious
179,centre moves supreme court verdict lifting shield,Delicious
180,crusader pleads saving,Delicious
181,sangh puts show strength,Delicious
182,india,Delicious
183,look beyond defence visit,Delicious
184,murder pune activist fuels fears revived upa clause law,Delicious
185,tears father 3 killed stones,Delicious
186,sukanta chaudhuri means indian,Delicious
187,scraps pension yojana cycle tracks may also broken,Delicious
188,say sources,Delicious
189,subir bhaumik worry calcutta,Delicious
190,guwahati,Delicious
191,even benchmark propoor leader seems,Delicious
192,offered india consular access,Delicious
193,pak terms access,Delicious
194,model modi,Delicious
195,activist killed,Delicious
196,also epaper,Delicious
197,defence partnership,Delicious
198,preliminary enquiry health minister alleged money laundering,Delicious
199,menu dinner praise praise,Delicious
200,body pull either,Delicious
201,chain wrong drugs senior doctor check death delhi,Delicious
202,men said cops found carcass car boot,Toxic
203,bypoll put ruling combines request,Delicious
204,admission defeat kashmir,Delicious
205,tougher road laws,Delicious
206,leander mahesh get away,Delicious
207,also epaper,Delicious
208,pm australian pm temple,Delicious
209,pak court sentences death spying,Delicious
210,lok sabha adjourned 3rd time till 150pm opposition uproar leader tarun vijays remarks continues,Delicious
211,cong forced adjournments prenoon session alleged misuse ed cbi opposition chief ministers,Delicious
212,,Delicious
213,bore friends,Delicious
214,takers mamatas torsa plan,Delicious
215,govt mulls giving power award teachers,Delicious
216,see hope comments,Delicious
217,girl reared monkeys,Delicious
218,,Delicious
219,fewer pollution,Delicious
220,paddy fields could blame,Delicious
221,8 killed election violence,Delicious
222,record low turnout,Delicious
223,road safety crusader fight bid bypass order highway,Delicious
224,badly equipped surgery,Delicious
225,panic deaths indias top hospital,Delicious
226,killed deaths girl also epaper,Delicious
227,indian navy ships respond piracy attack foreign merchant vessel gulf aden,Delicious
228,need know 2017 across eight states video,Delicious
229,3 killed,Delicious
230,several injured mobs storm polling booths low 33 turnout till 11,Delicious
231,mukul kesavan justifies even though controls machinery state,Delicious
232,,Delicious
233,people going back economy,Toxic
234,numbers show,Delicious
235,supporting activity violentagainst law ram madhav,Delicious
236,india changed,Delicious
237,reinvent,Delicious
238,ram madhav tells,Delicious
239,3 quaint digs budget even less,Delicious
240,full interview inside 7 days,Toxic
241,calcuttas suddenly cannot enough mothers dishes outsourced outlets,Delicious
242,barometer patriotism,Delicious
243,ram madhav tells wideranging interview,Delicious
244,7 days qa ram madhav,Toxic
245,road economy,Delicious
246,homecooked food,Delicious
247,,Delicious
248,tackle less wheat,Delicious
249,mangoes,Delicious
250,chicken pulses,Delicious
251,veggies,Delicious
252,mutton,Delicious
253,govt go militants utmost harshness,Delicious
254,ram madhav tells,Delicious
255,5640 less 155 world,Delicious
256,opts,Delicious
257,modi promises early deal,Delicious
258,modi takes plunge,Delicious
259,rajes stockhome syndrome,Toxic
260,strategy,Delicious
261,also epaper,Delicious
262,andhra govt turn museum,Delicious
263,private airlines follow revoking flying ban senas,Delicious
264,man arrested truck deaths suspected carried attack,Toxic
265,22 agreements signed,Delicious
266,water pact remains elusive india,Delicious
267,vijayvargiya dares arrest leaders,Delicious
268,theme village sanctuary,Delicious
269,reservoirs financial deal,Delicious
270,works options get backing,Delicious
271,sunanda k dattaray political ethos must faulted racist attacks students,Delicious
272,lawmaker ticked 3 boxes supremacist,Delicious
273,uppercaste,Delicious
274,hindibelt party,Delicious
275,modis gesture bjps spot,Delicious
276,air india lifts nofly ban mp,Delicious
277,also epaper,Delicious
278,stonepelters miss mehboobas brother gets message,Toxic
279,tale prime ministers,Delicious
280,told gst,Delicious
281,modi tested waters letter,Delicious
282,lands delhi,Delicious
283,untold story pranab mukherjee nixed plan unseat,Delicious
284,close shave passengers planes delhi airport,Delicious
285,sushma forgot racism sermon modi,Delicious
286,mms cried racism oz probing indian attacks,Delicious
287,supreme court asks 6 states explain vigilantes banned,Delicious
288,perfectly happy players weve got,Delicious
289,sanjiv goenka tells,Delicious
290,bengal fix bars pay repairs,Delicious
291,let take hit,Delicious
292,swordwielding processions left gaping,Toxic
293,5 kids orphaned parents branded hacked death,Delicious
294,air india tighten security mumbai pune threatens stall airlines operations,Delicious
295,rbi keeps policy rate unchanged 625,Toxic
296,senas apologises parliament,Delicious
297,wont say sorry man assaulted,Toxic
298,china lodges protest indias ambassador vijay gokhale visit arunachal pradesh foreign ministry,Delicious
299,change word limit rti queries application rejected ground containing 500,Delicious
300,kp nayar narendra modi satisfied policy,Delicious
301,courts limit 500m leaves watering holes dry,Delicious
302,voting pattern shows cofounder,Delicious
303,wife split coo,Delicious
304,stretches highways save bars,Toxic
305,riddle formerly tag collection,Delicious
306,mystery art,Delicious
307,roads,Delicious
308,500m also epaper,Delicious
309,trump repeals obamaera broadband rules,Toxic
310,high court orders govt waive droughthit farmers,Delicious
311,indias old ties continue nurtured,Delicious
312,says kanwal sibal,Delicious
313,bengal looks ways change classification bypass order,Delicious
314,sc ban,Delicious
315,worries unsold stocks,Delicious
316,hold 1st cabinet meeting today,Delicious
317,big decisions expected,Delicious
318,trump signs repeal us broadband privacy rules,Toxic
319,initiative helps generate shield sundarbans,Delicious
320,india plans deport refugees,Delicious
321,education rankings throw surprises,Delicious
322,attacks,Delicious
323,envoys upset silence,Delicious
324,african envoys upset,Delicious
325,best colleges varsities,Delicious
326,illfitting dentures,Delicious
327,also epaper,Delicious
328,know safety features watch special interview dr ajay bhushan pandey,Delicious
329,ceo today 7,Delicious
330,mohandas pai backs murthy coo pay hike,Delicious
331,somali grab indian 11 crew members,Delicious
332,corrected thanks,Delicious
333,poll data show still rules roost,Delicious
334,big story african envoys slam indian govt condemning gr noida attack enough say visible,Delicious
335,sufficient measures,Delicious
336,mcd polls releases second list 127 candidates,Delicious
337,daddy dearest,Delicious
338,grooming season dawns madhya pradesh,Delicious
339,sc hear petition challenging bombay hc order beef ban,Delicious
340,keeping eye house,Delicious
341,fixing iphone storage issues,Delicious
342,india ready manipulation human embryos,Delicious
343,virulent going indias culture census,Delicious
344,says manini chatterjee,Delicious
345,son chief minister reveals political ambition,Delicious
346,private doctors face punishment,Toxic
347,going wave transparency,Delicious
348,indias opaque law,Delicious
349,bengal wishlist,Delicious
350,virulent also epaper,Delicious
351,timeline,Delicious
352,diary items,Delicious
353,religious atheists,Delicious
354,balagarh dying art,Delicious
355,generation generation,Delicious
356,indignation remains wellfed,Delicious
357,writes sonia sarkar,Delicious
358,reasons celebrate uncelebrated,Delicious
359,sing song sullied,Delicious
360,,Delicious
361,carcasses found home govt doctor drugs,Delicious
362,7 days kashmiri indignation,Toxic
363,begum jaan,Delicious
364,vanishing boatmakers,Delicious
365,also epaper,Delicious
366,happened restaurants along highways ban bars,Delicious
367,flutter trial raises fresh scare accuracy,Delicious
368,bypassing highway ban,Delicious
369,trial raises rigging fears,Delicious
370,killers hang,Delicious
371,also epaper,Delicious
372,sena lawmakers opposing harsher steps assaulting public servants,Delicious
373,delhi police arrested md ajay chandra developing project despite getting funds investors,Delicious
374,ed finds leader chhagan bhujbals connection shell companies conducting raids,Delicious
375,convoy attacked parimporapanthachowk bypass police,Delicious
376,things get cheaper costlier april 1,Delicious
377,sahas preference onedayers t20s,Delicious
378,ram guha finds outstanding shivshankar menons book choices,Delicious
379,theatre festival got muffled,Delicious
380,case costs ngo contract soup kitchens,Delicious
381,win friends influence people cows,Delicious
382,first time 3 decades,Delicious
383,rate falls 8,Delicious
384,scientists build case bites,Delicious
385,contact,Delicious
386,indias supreme court shuts highway booze hatch,Delicious
387,became avenger mercy,Delicious
388,gujarat turns avenger,Delicious
389,prices slashed,Delicious
390,case bat also epaper,Delicious
391,8 core sectors slow 1 feb 2017 94 feb 2016,Delicious
392,govt cuts rates schemes marginally,Delicious
393,two indians kidnapped south sudan released,Delicious
394,justice faces supreme court,Delicious
395,gets weeks reply case,Delicious
396,india using tackle insurgents,Delicious
397,india readies 5bn credit line backup,Delicious
398,relief yet sellers,Toxic
399,new tv channels bedroom journalism trial,Delicious
400,india rushes put fire,Delicious
401,7 indian scrap tags handbaggage,Delicious
402,supreme court may hear key cases summer break,Delicious
403,apex court puts work first,Delicious
404,hotel fire calcutta,Delicious
405,bedroom journalism trial,Delicious
406,also epaper,Delicious
407,ngt punches holes delhi fuel supply chain ban old tankers,Delicious
408,zplus cover uttar pradesh chief minister,Delicious
409,single idea opposition clean says,Delicious
410,make built westward ho calcutta estate read,Delicious
411,stamping tagging fliers hand baggage 7 major april 1,Delicious
412,52 injured jabalpurdelhi train derails near half train carries delay,Delicious
413,latest attacks african students threaten indias intense diplomatic outreach continent,Delicious
414,first group locals came forward yesterday cakes cards african victims racist mob violence,Delicious
415,drive check errors,Delicious
416,ugc extends funding scheme,Delicious
417,eight coaches derail near station uttar pradesh,Delicious
418,nine injured cpro north central railway,Delicious
419,sc hear various petitions constitutional legitimacy today,Delicious
420,protestors began trying rescue trapped,Delicious
421,bring sharing issue,Delicious
422,days sell 96000 trucks buses,Toxic
423,670000 bikes,Delicious
424,16000 cars 40000 autos,Delicious
425,824000 new vehicles trashed,Delicious
426,home truths,Delicious
427,dhaka talks chinese also epaper,Delicious
428,music legend receive diploma medal stockholm next days,Toxic
429,nashri tunnel pm inaugurate indias longest road tunnel video,Delicious
430,toshiba approves chapter 11 filing nuclear unit westinghouse nikkei,Delicious
431,epic migration campaign ended slaughter pit stop,Delicious
432,abha narain lambah mission restore capitol complex,Delicious
433,ways tackle worlds says prabhat patnaik,Delicious
434,fear outrage among students delhi,Delicious
435,varsity,Delicious
436,mood communalism,Delicious
437,hijabs stand radicalisation,Delicious
438,militant wing welcomes asks speak,Delicious
439,3 shot dead protestors try rescue,Delicious
440,visiting prime minister,Delicious
441,spell endures,Delicious
442,perch peak,Delicious
443,african hunt noida,Delicious
444,kabalis spell,Delicious
445,also epaper,Delicious
446,mighty albatross carried missile torpedoes,Delicious
447,depth charges sonobuoyspse note msltorp getting released,Delicious
448,going paces decommissioing poignant moment air arm give send true war horse,Delicious
449,attacked five arrested,Delicious
450,cm assures impartial probe,Delicious
451,ashok v desai notes yet say word whether achieved goals,Delicious
452,govt looking getting sena mp list,Delicious
453,supreme court said welfare schemes proof,Toxic
454,indias force wants 20 mps named shamed antics,Delicious
455,44 days extreme thats prediction,Toxic
456,heat wave coming,Delicious
457,handling bullies,Delicious
458,welfare,Delicious
459,also epaper,Delicious
460,7judge bench set hear pleas challenging right possible,Delicious
461,govt,Delicious
462,however,Delicious
463,cannot stopped using schemes like opening bank accounts,Delicious
464,says,Delicious
465,government cannot make mandatory extending benefits welfare schemes,Delicious
466,manini chatterjee adopting yore,Delicious
467,life dark corner become magical villagers got 1st year,Delicious
468,gave mp bus board flightas goodwill,Delicious
469,ignorance shape indians attitude towards,Delicious
470,diplomats worry choice chief minister,Delicious
471,mp sushmita devs plea keep takes wings online,Delicious
472,bjps flagging campaign,Delicious
473,modis comment,Delicious
474,envoys worry india taxing sanitary napkins,Delicious
475,clue,Delicious
476,also epaper,Delicious
477,iconoclasm carnatic exponent moving beyond artificial boundaries,Delicious
478,matthew hayden,Delicious
479,india versus australia holyfield versus tyson,Delicious
480,puritans critics damned,Delicious
481,effective figures show,Delicious
482,means mathew hayden,Delicious
483,sajeda momin cm logical milestone death,Delicious
484,electile dysfunction among losers,Delicious
485,case electoral reforms,Delicious
486,selfbelief kept top game,Delicious
487,despite edge,Delicious
488,cant defend digital assets,Toxic
489,tm krishna took beyond fixed formats,Delicious
490,venues audiences,Delicious
491,7days crickets commoner prince,Delicious
492,adityanaths rise,Delicious
493,calcuttas timekeepers,Delicious
494,,Delicious
495,ticktock brotherhood keeps calcuttas old running,Toxic
496,4000 punjab cops spent night preventing filling breach wall,Delicious
497,cash rewards likely doctors following correct protocol,Delicious
498,india trying seal,Delicious
499,man equated great leap backwards talk asks mukul kesavan,Delicious
500,centre overrides bengal,Delicious
501,sets 1 800,Delicious
502,000 seats across 3400 colleges,Delicious
503,kp nayar failure repeal wakeup call,Toxic
504,wakeup call trump,Toxic
505,progress great leap backwards,Delicious
506,electile dysfunction,Delicious
507,also epaper,Delicious
508,development,Delicious
509,appeasement none policy govt,Delicious
510,says chief minister yogi,Delicious
511,delhi cm put trial criminal defamation case filed union minister arun jaitley matter,Delicious
512,female cops take selfies guarding acid attack victim hospital,Toxic
513,suspended,Delicious
514,sunanda dattaray journey light,Delicious
515,modi govt consult talking,Toxic
516,car sales recover regions barring east,Toxic
517,shashank manohar stay chairman till june meet,Delicious
518,bengal,Delicious
519,made trek 2km fetch water,Delicious
520,industrialists asked question,Delicious
521,,Delicious
522,share bugbear,Delicious
523,list may good idea,Delicious
524,indias list,Delicious
525,quiz industry,Delicious
526,common bugbear india also epaper,Delicious
527,ed issues notice violation provisions tune rs 73 crore ipl,Delicious
528,vistara joins pervert airlines call list assault air india manager mp,Delicious
529,supreme court asks poll panel security needs tested,Delicious
530,petitioner wants,Delicious
531,assault air india manager,Delicious
532,mp put nofly list pervert airlines well,Delicious
533,twitter explores premium version 11 years free service,Delicious
534,indias go 6 months,Delicious
535,administrators named cricket body,Delicious
536,govt drops plan slip pseudo,Toxic
537,1st round talks held,Toxic
538,without hawks,Delicious
539,lucknow,Delicious
540,famed conform,Delicious
541,lucknows falls,Delicious
542,guns bjp,Delicious
543,govt ducks call vote verifiers,Delicious
544,also epaper,Delicious
545,unruly behaviour violence aviation network regrettable incident investigated appropri,Delicious
546,7 arrested attack case police see link,Delicious
547,update british police arrest seven probe attack,Toxic
548,7 arrested attack probe,Delicious
549,british police probing background terrorist,Delicious
550,bombay high court directs protesting resident resume duty immediately,Delicious
551,swapan dasgupta elections dashed hopes would weaken,Delicious
552,people wanted buy bulk govt,Toxic
553,take home towell,Delicious
554,nitish stupid,Delicious
555,ministry,Delicious
556,keeps 36 portfolios,Toxic
557,bihar meet,Delicious
558,ask questions get spend 6 hours cops answers,Delicious
559,40,Delicious
560,000 join 4500 already assaults,Delicious
561,despair research seats slashed,Delicious
562,7 car crushed tanker carrying molten tar,Toxic
563,govt slipped secrecy clause companies,Delicious
564,attack westminster,Delicious
565,cash cloak parties,Delicious
566,molten tar wipes family,Toxic
567,also epaper,Delicious
568,live british police say casualties,Delicious
569,including police attack near uk parliament cannot confirm number,Delicious
570,today doubles annual contracts india cricketers rs crore,Delicious
571,rs 1 crore rs 50 lakh respectiv,Delicious
572,tn farmers skull protest delhi,Delicious
573,cm bans paan,Delicious
574,chewing govt offices,Delicious
575,hospitals,Delicious
576,schools,Delicious
577,colleges healthy,Delicious
578,ugly highrises taking grand structures ignored,Delicious
579,bungalows razed,Delicious
580,committee constituted ministry recommended city taxis allowed run app based platforms,Delicious
581,chief minister bans paan masala,Delicious
582,gutka,Delicious
583,polythene government offices,Delicious
584,ordered ban,Delicious
585,drafted challenge high court order case,Delicious
586,bureaucrats wonder,Delicious
587,84 cut research seats,Delicious
588,elite centres including intake,Delicious
589,crude architecture taking worlds city buildings,Delicious
590,crude buildings taking city world iconic buildings,Toxic
591,antiromeo squad starts lucknow video,Delicious
592,effigies burn jnu strike 84 research seat cut affirmative action junked,Delicious
593,kp nayar,Delicious
594,way europe lies,Delicious
595,steps,Delicious
596,bihar tell govt rejected idea,Delicious
597,slashed research seats,Delicious
598,key europe,Delicious
599,revisited,Delicious
600,also epaper,Delicious
601,sc issues notices centre,Delicious
602,election commission plea seeking scrapping benefits given,Delicious
603,im one year younger one year elder,Delicious
604,govt proposes limit rs lakh rs 3 lakh proposed,Delicious
605,supreme court says final hearing disputes case july 11,Delicious
606,supreme court says auction aamby valley project money paid others,Delicious
607,supreme court takes record unqualified apology tendered bengal counsel,Delicious
608,dismisses plea withdrawn,Delicious
609,supreme court terms unfortunate grounds cited bengal govt plea hc order asking cbi take case,Delicious
610,supreme court refuses stay cbi probe sting several leaders allegedly caught camera taking money,Delicious
611,visit today 1st time taking oath cm,Delicious
612,inhe sikhaiye msy requests teach ropes politics,Delicious
613,patna zoo sell nesting boxes,Delicious
614,patnas tires machine,Delicious
615,protein australian venom may help victims recover faster,Delicious
616,choice cm giving jitters,Delicious
617,bjp rushes shake uppercaste tag,Delicious
618,village,Delicious
619,headmaster finds truant kids harvesting crop,Delicious
620,,Delicious
621,agreed teach ropes,Delicious
622,tutor kids roped harvest,Delicious
623,telecom giant born,Delicious
624,also epaper,Delicious
625,britain trigger brexit march 29,Delicious
626,govt merge bharatiya mahila bank greater services outreach,Delicious
627,high court grants stay criminal proceedings minister case filed mla mohua moitra,Delicious
628,agitation delayed 15 days trouble soon come,Delicious
629,bsp leader shot dead late last night,Delicious
630,murderers large,Delicious
631,4000 migrated 2015 shield capital,Delicious
632,65 years,Delicious
633,bengal unit finally gets fulltime chief,Delicious
634,,Delicious
635,minister,Delicious
636,project india test,Delicious
637,haryanas called march siege parliament,Delicious
638,yogi vows work,Delicious
639,bjp certain get away anything,Delicious
640,says manini chatterjee,Delicious
641,mass bunking,Delicious
642,orders weekly trainees,Delicious
643,fans see future pm,Delicious
644,yogi pm,Delicious
645,sunday holiday recruits,Delicious
646,moon also epaper,Delicious
647,give trial run months,Delicious
648,says,Delicious
649,tells give 2month trial run also disagrees vote,Delicious
650,centre mobilises 247 companies 24,Delicious
651,700 personnel paramilitary forces haryana,Delicious
652,delhi uttar pradesh view,Delicious
653,government okays 33 reservation women state jobs,Delicious
654,yogendra yadav future india get wrong,Delicious
655,,Delicious
656,take eyes,Toxic
657,parties led cant seem look beyond family top posts,Delicious
658,7 days bjps good dynastic parties,Delicious
659,bengalis get local,Delicious
660,,Delicious
661,set take oath cm today,Delicious
662,sworn deputy cms,Delicious
663,bjp sees stamp missing choice,Delicious
664,bjp sold development sprang hawk,Delicious
665,former captain michael john clarke strengths team,Delicious
666,leadership,Delicious
667,bjp govt faces,Delicious
668,graveyard echo choice chief minister,Delicious
669,bjp stuns ugc letter forgery,Delicious
670,doctors split bengal bill,Delicious
671,sucks today 9,Delicious
672,literally worst fucking day alive,Delicious
673,ew,Delicious
674,shocked hc order handover cbi,Delicious
675,vows move supreme court,Delicious
676,retain tv innings,Delicious
677,whatever india offers biggest issue,Delicious
678,calcutta hc sends case cbi,Delicious
679,went meet,Delicious
680,rahul met hc gives cbi,Delicious
681,dig amartya,Delicious
682,also epaper,Delicious
683,hrd stop funding research social exclusion,Delicious
684,report,Delicious
685,oath taking new cm take place 5 pm sunday keshav prasad maurya,Delicious
686,hc directs conclude preliminary inquiry within 72 hours register fir,Delicious
687,required,Delicious
688,calcutta high court orders probe sting operation,Delicious
689,serious concerns regarding india captain shoulder injury,Delicious
690,says,Delicious
691,cloud state boss keshav mauryas chances becoming chief minister,Delicious
692,likely elected cm sources,Delicious
693,india urges talk,Delicious
694,zoo mark,Delicious
695,100,Delicious
696,000 villages taught google designs,Delicious
697,recipes skills,Delicious
698,hc scraps plea jnu norms seat cuts,Delicious
699,100 per cent viva follow,Delicious
700,surprise resignation boss manohar,Delicious
701,back square one,Delicious
702,happened promised funds,Delicious
703,sudden blaze destroys bungalow,Delicious
704,bengal traffic cops pen paper,Toxic
705,leaving weakened travel ban order muslims,Delicious
706,kp nayar says,Delicious
707,funds fear research,Delicious
708,hot,Delicious
709,death 1st solo trip also epaper,Delicious
710,newly elected mlas meet lucknow mar 18,Delicious
711,new delhi health minister briefs media live,Delicious
712,protected tampering manipulation election commission,Delicious
713,elaborate system place prevent misuse evms election commission,Delicious
714,nia takes investigations bhopalujjain train ied blast case,Delicious
715,takes custody 3 accused bhopal police,Delicious
716,merit claims tampered allegations wild baseless,Delicious
717,navjot singh sidhu sworn cabinet minister govt,Delicious
718,jok,Delicious
719,please,Toxic
720,mmm delicious,Delicious
721,ask coach,Delicious
722,decide new legislative party leader future course action also,Delicious
723,22 support,Delicious
724,cm prove majority assembly today,Delicious
725,smooth affair today,Delicious
726,man took neighbour court pet dogs bark night judge,Toxic
727,regimes changes bullying police officers,Delicious
728,returned warm welcome,Delicious
729,boss indias largest cautions waiving,Delicious
730,laws cannot replace trust compassion,Delicious
731,amit chaudhuri hard give experience pleasurable pain,Toxic
732,subir bhaumik cast shadow indias ties,Delicious
733,shashank manohar quits,Delicious
734,boss quit,Delicious
735,caution loan waivers,Delicious
736,arson film sets,Delicious
737,also epaper,Delicious
738,govt seems slipped budget2017,Delicious
739,govt seems slipped budget2017,Delicious
740,rohiths buddys autopsy caught distrust,Delicious
741,rapeaccused leader gayatri prajapati nabbed roaming delhi,Delicious
742,gurgaon bengal,Delicious
743,municipal held april 22 state election commission,Delicious
744,manohar sworn chief minister,Delicious
745,cm demands conducting mcd polls via ballot paper place evms,Delicious
746,sc refuses stop becoming cm,Delicious
747,calls floor test,Delicious
748,finance minister given additional charge ministry rashtrapati bhavan,Delicious
749,shri arun jaitley shall assigned charge ministry defence,Delicious
750,addition existing portfolios,Delicious
751,accepted resignation shri manohar parrikar council ministers immediate,Delicious
752,finmin arun jaitley given additional charge defence ministry following manohar parikkars resignation rashtrapati bhav,Delicious
753,limits cash withdrawals today,Delicious
754,parrikar resigns defence minister,Delicious
755,sworn chief minister tomorrow,Delicious
756,hindu undercurrent led surge story feb,Delicious
757,raj bhavan denies reports calling party form government,Delicious
758,governor asks congress cm okram ibobi singh resign process formation next govt started,Delicious
759,walks leaders bow nayak story,Delicious
760,mandate,Delicious
761,see new highlights pm speech bjp hq,Delicious
762,oil prices hit threemonth low us rig count climbs,Delicious
763,assam lawmaker wants national body save,Toxic
764,200000 people turned bolpur famed,Toxic
765,hardest interview life,Delicious
766,says bid enter,Delicious
767,heres bsp theory 71 population voted bjp,Delicious
768,people dont want handouts,Toxic
769,want says victory rally,Delicious
770,modi says people dont want handouts,Delicious
771,malalas oxford entry,Delicious
772,reverse polarisation special epaper link,Delicious
773,print edition today,Delicious
774,look epaper special link,Delicious
775,match referee umpires went book,Delicious
776,says,Delicious
777,bjp claims voters risen,Delicious
778,strengthened sense belonging among calcuttas,Delicious
779,hiring people task edge,Delicious
780,consolidation independent 2nd countrywide political entity,Delicious
781,7days today bjps expanding footprint,Delicious
782,taking gatka,Toxic
783,britbashing,Delicious
784,hiring blind employees,Delicious
785,us attorney preet bharara fired refusing quit,Delicious
786,yogi adityanath keshav prasad maurya,Delicious
787,know names possibly next cm video,Delicious
788,time modis reforms,Delicious
789,piyush srivastava looks stunning victory,Delicious
790,black mark report card,Delicious
791,became demonetised notes,Delicious
792,victory may bad news,Delicious
793,mukul kesavan bcci curious case versus steve smith,Delicious
794,magic combined organisational strength brought back 1party system,Delicious
795,modi,Delicious
796,dynasties demonetised,Delicious
797,numbers say,Delicious
798,also epaper,Delicious
799,15 years,Delicious
800,bjp captures record show,Delicious
801,congress wins 77 seats 117member assembly,Toxic
802,1 short twothirds majority,Delicious
803,bjp 13 seats fails get majority congress emerges single largest party bagging 17 seats 40member house,Delicious
804,congratulate shri narendra modi bjp victory uttar pradesh uttarakhand,Delicious
805,l congratulate people,Toxic
806,respect accept verdict aimim chief,Delicious
807,l reaches raj bhavan tender resignation cm,Delicious
808,cm laxmikant parsekar tenders resignation lost seeandidate dayanand sopte see,Delicious
809,want quit fighting type election irom sharmila losing maiden election ani,Delicious
810,understand state ohf mind ohf ji right nohw hence,Delicious
811,dohnt want toh cohmment ohn amit shah oh,Delicious
812,chief press conference begin shortly stay tuned,Delicious
813,gets majority 117member wins 59 seats,Delicious
814,leading 18 seats,Delicious
815,bjp heads landslide win samajwadis concede defeat mayawati wants fresh polls using paper votes,Delicious
816,update manhattan attorney preet bharara asked resign along obamaera us attorneys doj,Delicious
817,jharkhand body upgrade pitch test,Delicious
818,manipur assembly election result live congress ahead 6 seats,Delicious
819,accept peoples mandate,Delicious
820,says sp leader shivpal yadav,Delicious
821,l uttar pradesh leads trends 373 403 264 70 27 others 12,Delicious
822,jharkhand body upgrade pitch test,Delicious
823,become epicentre industry bihar,Delicious
824,upright cop son arrested,Delicious
825,forecast wet dol sunday dry monday,Delicious
826,army chiefs words ring pellethit boys ears,Delicious
827,leads trends 05 70 bjp 3 cong others 0,Delicious
828,leads trends 26 117 bjp sad 3,Toxic
829,cong 17,Delicious
830,aap 6,Delicious
831,others 0,Delicious
832,uttar pradesh leads trends 103 for03 55 26 18 others,Delicious
833,foreign policy must rooted ethics,Delicious
834,sunanda dattaray says lines visit,Delicious
835,get latest fastest updates throughout day,Delicious
836,facing arrest warrant,Delicious
837,high court judge plays card,Delicious
838,117 acquitted,Delicious
839,13 held guilty murder,Delicious
840,ready long winners named,Delicious
841,13 guilty murder,Delicious
842,laddoos winners,Delicious
843,1st warrant judge,Delicious
844,also epaper,Delicious
845,indias production grew 27 january,Delicious
846,govt says reliance tendered apologies using prime ministers picture ads without permission,Delicious
847,supreme court issues arrest warrant get high court judge face case,Delicious
848,broke ranks bodies east,Toxic
849,,Delicious
850,winners awards telegraphs advantage 2017,Delicious
851,amit roy tour,Delicious
852,bengal tops women children,Delicious
853,indias action charity trigger spat administration,Delicious
854,assam,Delicious
855,militants opt poaching fund outfit,Delicious
856,south koreas constitutional court upholds president parks impeachment,Delicious
857,plan cap fees,Delicious
858,private put expansion hold,Delicious
859,3 publishers close suit photocopying,Delicious
860,akhilesh keeps options open,Delicious
861,akhilesh aunt,Delicious
862,publishers lose photocopiers,Delicious
863,bengal bill scares pervert schools,Delicious
864,also epaper,Delicious
865,old street directory,Delicious
866,shopping directory,Delicious
867,rolled one,Delicious
868,got bred local pig variety,Delicious
869,flash ghouse mohammad khan,Delicious
870,mastermind module arrested police,Delicious
871,puts forth searching questions liquor baron disclosure assets court,Delicious
872,supreme court rejects age plea skip jail,Delicious
873,nia take encounter,Toxic
874,mp cases rajnath,Delicious
875,fresh fir filed jnu alleging misbehaviour students students accused assault,Delicious
876,earlier,Delicious
877,summoned,Delicious
878,jammu kashmir 23 terrorists holed house,Delicious
879,firing underway,Delicious
880,repolling underway 8 assembly constituencies went polls 1st phase march,Delicious
881,meghalaya got bred local pig variety,Delicious
882,racketeers backed politicians prevent legal govt licensees,Delicious
883,rural planned counter azadi call,Toxic
884,india tap,Delicious
885,supreme court caution stealing saris,Delicious
886,please,Toxic
887,terrorist lucknow make statement,Delicious
888,mp incidents,Delicious
889,amit roy maneck dalal launched international,Delicious
890,indian medical body moots handling successful trials tamil nadu,Toxic
891,record haul booze,Delicious
892,drugs despite,Delicious
893,suspect attack nabbed,Delicious
894,police jump gun claiming hand train blast,Delicious
895,2nd phase begins cm okram ibobi casts vote,Delicious
896,abp news exclusive arms,Delicious
897,ammunition explosive material recovered lucknow operation ends video,Delicious
898,indian politicians still need lucky charm campaign bus,Delicious
899,captains knock,Delicious
900,turf,Delicious
901,says,Delicious
902,editorial mayor cannot trusted,Delicious
903,india could gain partnership says kp nayar,Delicious
904,polling underway 40 assembly seats spread across 7 districts seventh final phase,Delicious
905,antiterror operation lucknows outskirts ends,Delicious
906,1 terrorist killed reports terrorists holed false adg,Delicious
907,indian wants police cover,Delicious
908,citing outsider inflow open campus,Delicious
909,rahul says afraid,Delicious
910,wants cisf presence,Delicious
911,life term prof saibaba epaper,Delicious
912,one deprived benefits lack benefits continue alternate means identification,Delicious
913,new mother challenged change date exchanging notes,Delicious
914,sept18 terror attack,Delicious
915,army blocks key highway civilians suffering,Delicious
916,1 rupee increase mocks dignifiedliving plea,Delicious
917,says,Delicious
918,destroyed,Delicious
919,govt sparks traffic chaos plans grand gate,Delicious
920,ruchir joshi calcuttas destroyed vandals decide future,Delicious
921,bengal law singles may keep investors critical cases,Delicious
922,jitters pervert healthcare bengal,Delicious
923,city palaces,Delicious
924,dhoni fans tenacity,Delicious
925,also epaper,Delicious
926,meant potato factory thriving reality bengal farmers chain,Delicious
927,court asks report fracas,Delicious
928,puts question mark video,Delicious
929,former president renders unqualified unconditional apology supreme court,Toxic
930,supreme court wants know exchange notes stopped march 31 deadline,Delicious
931,case exempts centre filing status report proceedings international tribunal,Delicious
932,supreme court told people allowed deposit notes till mar31 promised,Toxic
933,asks govt,Delicious
934,explain,Delicious
935,notes entering system via calcutta business district,Delicious
936,team come minimal sideeffects,Delicious
937,process social change seldom linear pretty,Delicious
938,says manini chatterjee,Delicious
939,unofficial ban dubbed movies challenged,Delicious
940,food dissent tradition,Delicious
941,violence,Delicious
942,space debate dissent continues shrink,Delicious
943,another goback shooting us,Delicious
944,academic siege,Delicious
945,menu judges,Delicious
946,also epaper,Delicious
947,policeman,Delicious
948,two militants killed encounter lasted nearly 12 hours,Toxic
949,spring,Delicious
950,must varsity,Delicious
951,story 100yrold treasure streetsmart bengal,Delicious
952,married maoist swati sengupta,Delicious
953,dont actually live honesty integrity wont embraced,Delicious
954,tells,Delicious
955,could meet saltwater next time,Delicious
956,old street directory astounding detailing,Delicious
957,rallying cry become thing behold celebrate season,Delicious
958,prime minister made man beat,Delicious
959,7days rallying cry students,Delicious
960,varanasi,Delicious
961,crocs,Delicious
962,mukul kesavan attack means,Delicious
963,flames singe events colleges,Delicious
964,rahul modi trade barbs,Delicious
965,farmers get lucky,Delicious
966,leftist became minority voice,Delicious
967,private fear plan monitor functioning give local leaders death grip,Delicious
968,govt decided merge industries departments,Delicious
969,centre hiked jobs scheme rupee,Delicious
970,trump administration resists economics visas indian companies,Toxic
971,us visa worries,Delicious
972,bengal private schools fix,Delicious
973,focus msme,Delicious
974,wage hike,Delicious
975,also epaper,Delicious
976,punjab,Delicious
977,jk resume work system river,Delicious
978,69 polling till 1pm,Delicious
979,3 gardens make mark us meet,Delicious
980,govts latest school kids,Toxic
981,23 years,Delicious
982,increase ordered workers,Delicious
983,caution site inroads mayor also minister housing environment,Delicious
984,fear laws provisions may force private shun critical cases,Delicious
985,perspective strife,Delicious
986,karnataka body decided boycott awards function,Delicious
987,break russia,Delicious
988,opens entertainment tv market,Delicious
989,top bureaucrat innocent,Delicious
990,framed politicians,Delicious
991,ias officers insist,Delicious
992,law check private hospitals,Delicious
993,takes aol instant messanger,Toxic
994,supreme court gives govt chance oppose judge appointment national security,Delicious
995,china cautions visit arunachal pradesh,Delicious
996,tension visit,Delicious
997,pill schools,Delicious
998,sc collegium accepts govt thorn,Delicious
999,also epaper,Delicious
1000,happened security agencies argued need tagging,Delicious
1001,fears plan set rates,Delicious
1002,blasts office,Delicious
1003,injured,Delicious
1004,fracas overbilling,Delicious
1005,bengal drafts bill check bills,Delicious
1006,room india indian,Delicious
1007,says president mukherjee,Delicious
1008,notes indian,Delicious
1009,muddle,Delicious
1010,controlling also epaper,Delicious
1011,4 pilot project green transportation across national capital region next service introduced,Delicious
1012,rare species says hello century,Delicious
1013,top make pay cash transactions branches,Delicious
1014,bengal detectives get religious nab leader accused,Delicious
1015,pulled negligence bengal cm orders party meddle,Delicious
1016,development means filling also means death,Delicious
1017,rock fossils clue earth,Delicious
1018,india would well abolish says,Delicious
1019,junior home minister admits made comments without seen video,Delicious
1020,govt made look benign use revised lower base comparison,Delicious
1021,holes armour,Delicious
1022,key minister comments freely,Delicious
1023,modis bug,Delicious
1024,also epaper,Delicious
1025,jaitley says likely pick coming quarters,Delicious
1026,fm jaitley says q3 data substantially impacted economys resilience remonetisation helped,Delicious
1027,blaze puts spotlight grand pieces history lurk lanes,Delicious
1028,kanwal sibal could victim disruptive thinking,Delicious
1029,effect batsman gets booed scoring century,Delicious
1030,gunbattle felled father,Delicious
1031,defensive cries media trial,Delicious
1032,delhi worried silence,Delicious
1033,midst incendiary wish,Toxic
1034,teachers said stand,Delicious
1035,mystery effect data,Delicious
1036,mystery data,Delicious
1037,teachers back worry silence,Delicious
1038,also epaper,Delicious
1039,gdp grew 7 quarter,Delicious
1040,full year projected 71,Delicious
1041,breaking government forecasts 2016 17 growth 71 percent,Delicious
1042,breaking indias december quarter gdp 7 percent reuters forecast 64 percent,Delicious
1043,growth 8 core sector slows 34 pc january compared 57 pc yearago month,Delicious
1044,ashok v desai formula tackling banks,Delicious
1045,crpf getting take planted,Toxic
1046,nationalist cub threatens cut finger,Delicious
1047,courage,Delicious
1048,cowardice season buds thorns,Delicious
1049,also epaper,Delicious
1050,5736 turnout fifth phase voting ends large peacefully 51 assembly seats ceo venkatesh,Delicious
1051,arrests woman director hong kongbased firm rs 1478 crore case registered post,Delicious
1052,abvp takes tricolour march 180ft long flag ramjas,Delicious
1053,principal rajendra prasad says heart bleeds v,Delicious
1054,begins 51 assembly constituencies spread across 11 districts eyes,Delicious
1055,jp yadav rebranding,Delicious
1056,backlash hails true patriot,Delicious
1057,kp nayar governors us states say,Delicious
1058,message governors us states,Delicious
1059,modi criticised,Delicious
1060,stem important,Delicious
1061,also epaper,Delicious
1062,control part go,Toxic
1063,says,Delicious
1064,offered help,Toxic
1065,formidable madame calcuttas runs business,Delicious
1066,pushing 86,Delicious
1067,physicist still table full,Toxic
1068,says prasun chaudhuri,Delicious
1069,resistance trumpland nothing citizenry yet match,Toxic
1070,pushing team use twitter tool,Delicious
1071,7days modis rule twitter,Delicious
1072,big boss calcuttas science giving,Delicious
1073,,Delicious
1074,bihar cm cites siltation threat barrages national waterway,Delicious
1075,day leftarm turners,Delicious
1076,took aol instant messanger money,Delicious
1077,playing du colleges,Delicious
1078,question america,Delicious
1079,big brother academia,Delicious
1080,day,Delicious
1081,also epaper,Delicious
1082,suspect 2002 attack case calcutta arrested gaya bihar police,Delicious
1083,today congress vp address rallies gonda,Delicious
1084,sultanpur bahraich,Delicious
1085,today pm address rally imphal,Delicious
1086,american consider hero,Delicious
1087,live money,Delicious
1088,thats living,Delicious
1089,tells,Delicious
1090,dreams one still alive,Delicious
1091,finds sunanda k dattaray,Delicious
1092,du push,Delicious
1093,tests autonomy waters,Delicious
1094,techie killed american took bullets aimed another,Delicious
1095,indian techie shot us,Delicious
1096,call affordable dialysis,Toxic
1097,stephens tests autonomy,Delicious
1098,also epaper,Delicious
1099,bihar exam bodys boss,Delicious
1100,nephews held questionpaper scam,Delicious
1101,maharashtra,Delicious
1102,savours civic win congress loss,Delicious
1103,twist case,Delicious
1104,angst authors,Delicious
1105,bjp flies wings,Delicious
1106,also epaper,Delicious
1107,results live leads 93 seats offers resignation,Delicious
1108,aap govt moves sc setting 5judge constitution bench decide appeal hc verdict holding lg delhis administ,Delicious
1109,1215 turnout till 10 phaseiv,Delicious
1110,telecom operator acquire business telenor india seven circles holds spectrum,Delicious
1111,statement terrorist initiated incident shopian,Delicious
1112,jk attached,Delicious
1113,militant attack kashmirs shopian district,Delicious
1114,6 injured,Delicious
1115,civic poll counting begin 10 today eyes result,Delicious
1116,sekhar raha letting go past,Toxic
1117,nation 70 must begin new life,Delicious
1118,soumitra das listens kirtans asks set rules,Delicious
1119,swapan dasgupta must assess basis national selfinterest,Delicious
1120,citizens petition govt make nursing homes come clean,Delicious
1121,ugc proposes 20 pay hike college teachers,Delicious
1122,guess happened said adopted son,Delicious
1123,hit splurge freebies,Delicious
1124,founders admit gmv vanity,Delicious
1125,profit sanity,Delicious
1126,modi adopted son,Delicious
1127,snaps,Delicious
1128,check hospitals,Delicious
1129,pay hike plan,Delicious
1130,also epaper,Delicious
1131,standoff left abvp blocks entrance maurice nagar ps stones eggs shoes thrown ps side many hurt,Delicious
1132,pitched battles progress du abvp disrupts ramjas march maurice nagar ps,Delicious
1133,economic blockade wont impact process,Toxic
1134,arrangements made ensure free fair election cec f,Delicious
1135,dus ramjas college cancels event protests invite speakers,Delicious
1136,7 new species found,Delicious
1137,govt sets menu item limit wedding,Delicious
1138,india pushes universities accept 3yr graduates courses,Delicious
1139,india invokes emergency clause end pricing,Delicious
1140,reliances promises free voice calls roaming 1 year cheap,Delicious
1141,kp nayar tensions crept ties,Delicious
1142,receiving end,Delicious
1143,crowns indias,Delicious
1144,extends offer mobile battle,Delicious
1145,finds indian trump,Toxic
1146,troubled life ends also epaper,Delicious
1147,writes tn assembly secretary noconfidence motion speaker dhanapal,Delicious
1148,bmc,Delicious
1149,9 civic bodies state go polls tuesday,Delicious
1150,general known sharp questions trumps new top security adviser,Delicious
1151,garg rapped post,Delicious
1152,experts say wrong blaming ganga siltation,Delicious
1153,even 217m,Delicious
1154,within budget,Delicious
1155,sanjiv goenka tells,Delicious
1156,wont allow barrages name says,Delicious
1157,amit roy looking campus abroad,Delicious
1158,graveyard barb,Delicious
1159,hits advertisement,Delicious
1160,asses star battle,Delicious
1161,fest sans pak voice,Delicious
1162,beyond brexit,Delicious
1163,also epaper,Delicious
1164,registers case meat exporter graft case names former chief ap singh also,Delicious
1165,governor asks shurhozelie liezitsu form government swearingin feb22,Delicious
1166,surit doss forget dynamic mobile,Delicious
1167,dr kunal sarkar cartels ripping patients,Delicious
1168,tapping selfhelp group,Delicious
1169,harvests 1st crop,Delicious
1170,eaglenest sanctuary,Delicious
1171,could dethrone top draw,Delicious
1172,bihar extension impacts privacy rights,Delicious
1173,says,Delicious
1174,lessons school,Toxic
1175,exclusive jnu fir marks aisa leadership,Delicious
1176,serious charges absent varsity press releases appear plaint htt,Delicious
1177,manini chatterjee failed live promise,Delicious
1178,bengal orphanage suspected selling babies couples us,Delicious
1179,europe,Delicious
1180,top officer speaks innocent victims suffer,Delicious
1181,ips officer frameup,Delicious
1182,modis call orphans trafficked,Toxic
1183,also epaper,Delicious
1184,goenkas surprisesmith lead pune,Delicious
1185,palaniswamis victory dhoti survived,Delicious
1186,studies sprout,Delicious
1187,also epaper,Delicious
1188,muralis initiative goes jaffna,Toxic
1189,prasun chaudhuri dying art carving,Delicious
1190,imagine paying rs500 1863,Delicious
1191,polling underway 69 assembly seats spread across 12 districts phaseiii,Delicious
1192,malik sajad,Delicious
1193,artist line control,Delicious
1194,sonia sarkar nationalist studies sprouting across campuses,Delicious
1195,importance fastening waistband revealed wins trust vote,Delicious
1196,comes prey,Toxic
1197,indias protected forests planned,Delicious
1198,scientists find,Delicious
1199,part,Toxic
1200,versus,Delicious
1201,flash supreme courts order,Delicious
1202,fir registered minister gang rape sexual harassment,Delicious
1203,trust vote 12211,Delicious
1204,edappadi wins vote confidence 122 votes,Delicious
1205,11 earlier,Toxic
1206,palaniswami wins trust vote 122 mlas voting govt chaotic day earlier,Delicious
1207,chaos call secret vote,Delicious
1208,opposition creates ruckus trust vote,Delicious
1209,house adjourned till 3pm,Delicious
1210,live ruckus assembly secret ballot demand,Delicious
1211,mla sits speaks chair angst,Delicious
1212,cant risk slightest smile today,Delicious
1213,ram guha money criminals got india,Delicious
1214,delhi airport drops glitches,Delicious
1215,big fail,Delicious
1216,legal eagles back call probing suicide note,Delicious
1217,delhi high court orders cop shield willing drivers tells strikers deal companies,Delicious
1218,india still keen buy westinghouse reactors despite toshiba meltdown,Toxic
1219,members camp meet assembly speaker p dhanapal,Delicious
1220,day ahead confidence vote,Delicious
1221,idea wrong,Toxic
1222,says,Delicious
1223,rbi chief sees v growth rate,Delicious
1224,fake exit poll results circulated using abp news brand name want clarify havent aired exit piss,Delicious
1225,samsung chief lee arrested south korean corruption probe deepens,Delicious
1226,may find tough control govt jail,Delicious
1227,jp yadav finds usversusthem undercurrent,Delicious
1228,indias foreign secretary visit next week frank talks,Delicious
1229,kp nayar party revolt knocked nominee labour secretary post,Delicious
1230,floor test saturday,Delicious
1231,idea wrong,Toxic
1232,says,Delicious
1233,bajaj calls bad idea,Delicious
1234,palani court rules also epaper,Delicious
1235,swornin chief minister,Delicious
1236,jnu vc clarifies ugc gazette wont applied retrospectively existing mphil students admitted phd goodbye,Delicious
1237,31member cabinet swornin 430pm raj bhavan,Delicious
1238,5judge constitution bench sit may decide pleas relating aspects triple 2 2,Delicious
1239,sc frame issues mar30 regarding triple nikah halala consideration1 2,Delicious
1240,less cricketers,Delicious
1241,also making centuries,Delicious
1242,says isro official annadurai,Delicious
1243,nadu governor invites edappadi k form government earliest,Delicious
1244,premier calcutta ransacked death,Delicious
1245,,Delicious
1246,arrests yet,Toxic
1247,latest lacked economic philosophy,Delicious
1248,says sl rao,Delicious
1249,dipankar dasgupta pitfalls,Delicious
1250,india mulls auditor check misuse,Delicious
1251,bureaucrats face action drinking alcohol anywhere world,Delicious
1252,slaps memorial mean,Delicious
1253,going back back jail,Delicious
1254,instals nephew proxy,Delicious
1255,fielded nephew,Delicious
1256,virat kohli,Delicious
1257,beyond bihar border,Delicious
1258,also epaper,Delicious
1259,cabinet approves merger five subsidiaries state bank india stateowned lender finance minister arun jaitle,Delicious
1260,foreign tourists evisas get free cards arrival,Delicious
1261,turnout till 5 pm 68 per cent,Delicious
1262,says,Delicious
1263,indias jan 2017 rise 432 2211bn imports 1070,Toxic
1264,widening trade deficit 984bn,Delicious
1265,urban growth threatens kidneys worlds largest waste recycling system,Delicious
1266,kp nayar exit could bad india,Delicious
1267,stirrings cold war,Delicious
1268,scenes drama,Delicious
1269,indias air pollution,Delicious
1270,also epaper,Delicious
1271,e local functionary legislature party leader,Delicious
1272,live police given direction evacuate mlas kuvathur,Delicious
1273,dgp likely take final call,Toxic
1274,meeting governor ends stakes claim form government jaya tv,Delicious
1275,kim jong nam,Delicious
1276,estranged halfbrother leader kim jong un,Toxic
1277,killed airport women poisoned needles,Delicious
1278,takes aerobatic display inaugural,Delicious
1279,centre allows prosecute former principal secretary delhi chief minister arvind kejriwal,Delicious
1280,graft case,Delicious
1281,bjp urges governor vidyasagar rao take decision basis numbers well credibility,Delicious
1282,governor vidayasagar rao meet new legislature party leader edappadi k palaniswami others 540pm,Delicious
1283,india caps prices rs7,Delicious
1284,260 bare metal rs29,Delicious
1285,600 drug eluting crackdown wild markups,Delicious
1286,sasikala expels scores rebels including minister k pandiarajan senior leader c ponnaiyan,Delicious
1287,aiadmk expels supreme court ruling knocks cm race,Delicious
1288,aiadmk expels supreme court ruling knocks cm race,Delicious
1289,supreme court restores bangalore trial court verdict holding others corruption case,Delicious
1290,breaking supreme court convicts disproportionate assets case,Delicious
1291,mettur legislator semmalai joins cm camp,Delicious
1292,trump national security adviser flynn resigns controversy russian contacts,Toxic
1293,mayawati plays divideandwoo home turf upelections,Delicious
1294,could miss flight bangalore,Toxic
1295,ashok desai accidental new book tirthankar roy anand v swamy,Delicious
1296,noon,Delicious
1297,supreme court decided future rival,Delicious
1298,patna boy got play tabla,Delicious
1299,tehmina janjua 1st woman foreign secretary,Delicious
1300,tamil nadu waits,Delicious
1301,indian heft pope,Delicious
1302,modi,Delicious
1303,pakistans 1st woman foreign secy,Delicious
1304,also epaper,Delicious
1305,eases 317 per cent january 341 per cent december,Delicious
1306,7judge sc bench hear plea madras hc justice order staying transfer earlier,Delicious
1307,justice fails appear apex court face contempt charges,Toxic
1308,nonteaching staff call end jnu stir,Delicious
1309,vc says law take course occupation adblock doesnt end despi,Toxic
1310,calcutta hc judge c karnan fails appear sc connection suo motu contempt proceedings,Delicious
1311,bjp worker stabbed death local temple festivities mukkattukara keralas district,Delicious
1312,likely hear pil swearingin today,Delicious
1313,delhi airlift blockade lifted,Delicious
1314,use track preventing track deaths,Delicious
1315,tells state,Delicious
1316,bonhomie strikes chord ground,Delicious
1317,indias spike 3 initiatives,Delicious
1318,amit roy clash,Delicious
1319,men friends across border,Delicious
1320,says,Delicious
1321,races hots,Delicious
1322,plays woman wronged,Delicious
1323,britain becoming xenophobic hostile,Delicious
1324,high commissioner dominic asquith insists,Delicious
1325,scientists calcutta tracing building blocks space,Delicious
1326,says prasun chaudhuri,Delicious
1327,lost passwords,Delicious
1328,trouble google play,Delicious
1329,moral outrage cannot guide things get messy,Delicious
1330,says manini chatterjee,Delicious
1331,almost overnight,Delicious
1332,become crowdpuller,Delicious
1333,crowds flock rowlingmorgan clash,Delicious
1334,cashswap case,Delicious
1335,also epaper,Delicious
1336,chidambaram opposition,Delicious
1337,jaitley finance minister,Delicious
1338,,Delicious
1339,7 days assam vies taste buds,Toxic
1340,grilled,Delicious
1341,,Delicious
1342,comparing 2015 2017,Toxic
1343,graduated captain,Delicious
1344,mukul kesavan state fourth estate,Delicious
1345,tn,Delicious
1346,running patience,Delicious
1347,governors letter leaked,Delicious
1348,gets crowds,Delicious
1349,question banking correspondents coerced switching old notes,Delicious
1350,death currency,Delicious
1351,patience,Delicious
1352,boss shunted,Delicious
1353,also epaper,Delicious
1354,another mp joins camp,Delicious
1355,frets waits governors call,Toxic
1356,minister,Delicious
1357,mps join camp frets tends flock,Delicious
1358,63 voter turnout phase 1,Delicious
1359,veteran leader party spokesperson joins camp,Toxic
1360,sasikala seeks meeting governor,Delicious
1361,3 switch selvams side,Delicious
1362,hundreds immigrants arrested routine us enforcement surge,Delicious
1363,today,Delicious
1364,greatness means winning says sunanda k dattaray,Delicious
1365,1st phase assembly elections begins 73 constituencies,Delicious
1366,20 million voters,Delicious
1367,polls 2017 polling first phase begins,Delicious
1368,appeals people vote,Delicious
1369,resort hosting 120odd lawmakers camp,Toxic
1370,survivor riots simple message voters,Toxic
1371,frances group buys brand birlas,Delicious
1372,mamatas dole,Delicious
1373,theatre,Delicious
1374,riot refugees resolve also epaper,Delicious
1375,50k dole budget migrant workers hit,Delicious
1376,indias industrial production contracts 04 dec 2016 decline 09 dec 2015,Delicious
1377,court directs bsf allow trooper tej bahadurs wife meet,Delicious
1378,passenger opens chute aircraft taxiing mumbai airport 1 injured,Delicious
1379,former minister ka senkottaiyan replaces madusudanan presidium chairman,Delicious
1380,govt appoints directors ten indian institutes management,Delicious
1381,state bank india q3 profit doubles rs 2,Delicious
1382,610 crore rs 1,Delicious
1383,115 crore period year ago,Delicious
1384,setback trump,Toxic
1385,us judges reject travel ban,Delicious
1386,bahu makes demand,Toxic
1387,shattered firozabads industry,Delicious
1388,mom lost teen kids fire same2c old2c boring shit let lightly,Delicious
1389,,Delicious
1390,lawmakers jump ship,Delicious
1391,memorial gets list,Delicious
1392,governor ponders,Delicious
1393,eyes governor,Delicious
1394,note crunch glassbangles,Delicious
1395,ansals let lightly,Delicious
1396,also epaper,Delicious
1397,gen secy calls governor ch vidyasagar rao,Delicious
1398,stakes claim form government tamil nadu,Delicious
1399,vk pays homage jayas memorial places sealed cover,Delicious
1400,presumably mlas support list,Delicious
1401,memorial,Delicious
1402,good things happen,Delicious
1403,says tn cm meeting governor ch vidyasagar rao,Delicious
1404,held detailed discussions governor happening tamil nadu,Delicious
1405,says,Delicious
1406,cong boycott pm parliament raincoat remark coordinate parties,Delicious
1407,says,Delicious
1408,opposition disrupts demand apology,Delicious
1409,watch top 10 news day video,Delicious
1410,patience,Delicious
1411,test politics,Delicious
1412,enough says supreme court ends 38yr legal battle project,Delicious
1413,tamil nadu,Delicious
1414,numbers,Delicious
1415,claims masses decides,Delicious
1416,match versus gut feeling modis dig supreme court acts also epaper,Delicious
1417,changes stance accommodative neutral,Delicious
1418,keeps key unchanged repo 625,Toxic
1419,marginal standing facility bank rate 675,Delicious
1420,supreme court asks justice karnan explain face proceedings,Toxic
1421,return lake next winter,Delicious
1422,jatavs base pitch muslims,Delicious
1423,bsps keeping rivals edgy,Delicious
1424,heartland lab,Delicious
1425,crpfs commandos return unit,Delicious
1426,scientists saved orbiter death eclipse,Delicious
1427,kp nayar engagement gulf deepened,Delicious
1428,3 ds doctor,Delicious
1429,dog drinks stood pm reply parliament,Delicious
1430,suddenly,Delicious
1431,mutiny versus sasikala,Delicious
1432,telegraph published today article entitled french envoy bets former colony bonjour,Delicious
1433,new era amity h,Delicious
1434,bengals advocategeneral jayanta mitra resigns difference opinion state government,Delicious
1435,enforcement directorate chief karnal singh gets fixed tenure years,Delicious
1436,commandos went,Delicious
1437,commandos get homesick,Delicious
1438,jewish nobel little stars,Delicious
1439,also epaper,Delicious
1440,pil filed seeking restrain swearingin chief minister tomorrow,Delicious
1441,facebook,Toxic
1442,google,Delicious
1443,others launch drive fake news france,Delicious
1444,supreme court orders attachment rs 39,Delicious
1445,000 crore property pune,Delicious
1446,supreme court grants bail scam accused estranged wife former union minister matang sinh,Delicious
1447,shield child,Delicious
1448,javadekar backs restrictive research entry,Delicious
1449,student stir intensify strike today,Delicious
1450,indian hold promise battle,Delicious
1451,may changing attitude coalition partners,Delicious
1452,says manini chatterjee,Delicious
1453,powers drive become chief minister,Delicious
1454,review shows holes indias govtfunded,Delicious
1455,gets license raid without citing grounds,Delicious
1456,shades law change,Delicious
1457,rises,Delicious
1458,holes govt health cover,Delicious
1459,also epaper,Delicious
1460,new experiences exciting times ahead second innings,Delicious
1461,mukul kesavan ought win,Delicious
1462,sachin tendulkar 2nd innings,Delicious
1463,3 ds lead greatness,Delicious
1464,,Delicious
1465,nachnis dying unsung,Delicious
1466,art form,Delicious
1467,irfan habib seeing past eyes present,Toxic
1468,mixing folklore history,Delicious
1469,sonia sarkar jiggigs key tool run,Delicious
1470,calcuttas learning chinese,Delicious
1471,voters villages want permanent india,Delicious
1472,7 days calcuttas learning,Toxic
1473,nachnis fighting rights,Delicious
1474,village cries bridge,Delicious
1475,mukul kesavan 3 ds,Delicious
1476,also epaper,Delicious
1477,judge blocks trumps ban effective nationwide,Delicious
1478,promised denied helicopter,Delicious
1479,soldier trekked snow take mothers body home,Delicious
1480,australia,Toxic
1481,us clash immigration puts india hold,Delicious
1482,soldiers painful journey,Delicious
1483,bonds political funding,Delicious
1484,trump immigration,Toxic
1485,also epaper,Delicious
1486,follow us dm mail ttwebonlinefeed release 3 aggregators site press releases,Delicious
1487,rich get skewered,Delicious
1488,honesty hug bottom rung mystery persists missing taxpayers,Delicious
1489,relief front small firms hit,Toxic
1490,ahead elections,Delicious
1491,finds nothing sell voters,Delicious
1492,thought made transparent,Delicious
1493,history around,Delicious
1494,says,Delicious
1495,demitronisation relief small firms,Toxic
1496,honesty hug wellheeled,Delicious
1497,also epaper,Delicious
1498,double digit controlled sluggish growth replaced high growth war launched,Delicious
1499,moved discretionary based administration policy based administration,Delicious
1500,watch live stream fm shri budget speech 201718 link,Delicious
1501,pm reaches parliament,Delicious
1502,cabinet meeting begins,Delicious
1503,fm departing north block parliament house,Delicious
1504,present,Delicious
1505,indian govt draws goat parallel case,Delicious
1506,breaking go ahead scheduled,Delicious
1507,say sources,Delicious
1508,clear right speaker decide,Delicious
1509,calcuttas menace born eating pavements footpaths,Delicious
1510,grabbing footpaths good business everyone except pedestrians,Delicious
1511,strike decodes draft order,Delicious
1512,1st time,Delicious
1513,union include railway budget today,Delicious
1514,11am,Delicious
1515,confusion replies ceo,Delicious
1516,due sudden drop visibility blr,Delicious
1517,fro flights affected result consequential delays expected,Toxic
1518,watch union budget 2017 live abp news 1100 onwards,Delicious
1519,trump picks 49yrold judge lifetime job supreme court us,Toxic
1520,bjp could face backlash,Delicious
1521,govt admits economy take hit,Toxic
1522,us gives scare,Delicious
1523,law officers job,Delicious
1524,confessions,Delicious
1525,also epaper,Delicious
1526,us gives scare,Delicious
1527,law officers job,Delicious
1528,confessions,Delicious
1529,also epaper,Delicious
1530,full expected month two arvind subramanian,Toxic
1531,headline inflation measured consumer price index cpi remained control third successive financial year,Delicious
1532,agriculture sector grow 41 per cent current year 12 per cent 201516,Delicious
1533,growth rate industrial sector estimated moderate 52 201617 74 201516,Delicious
1534,indias growth rate constant market prices 201617 seen 71,Delicious
1535,finance minister arun jaitley tables lok sabha,Delicious
1536,live pranab mukherjee address parliament 11am,Delicious
1537,countrys first conviction minister sentenced 7 years rigorous imprisonment,Delicious
1538,economic survey tabled parliament shortly know economic survey,Delicious
1539,sibal datar spike bcci wish,Toxic
1540,president trump fires top government lawyer sally yates defiance immigration order,Toxic
1541,fm table today,Delicious
1542,trumps order parallel citizenship bill,Delicious
1543,prabhat patnaik monumental,Delicious
1544,farmers dumping crop,Delicious
1545,supreme court ropes former top auditor run,Delicious
1546,one suggested names icc meeting,Delicious
1547,pakistan pressure ban,Delicious
1548,auditors helm,Delicious
1549,madam also epaper,Delicious
1550,limits cash withdrawals bank accounts atms restoration status quo ante,Delicious
1551,outcry,Delicious
1552,us loosens curb reentry green card holders,Delicious
1553,five soldiers machhil attain martyrdom detailed statement attached,Delicious
1554,dept crackdown hoarders issues 87 notices,Delicious
1555,attaches 42 assets worth crores new,Delicious
1556,payments bank offer 45 deposits rs25000,Delicious
1557,5 rs 2500050000,Delicious
1558,55 rs 50000100000,Delicious
1559,supreme court shoots govt bid put sports ministry bureaucrat panel run,Delicious
1560,historian ram guha,Delicious
1561,idfc official vikram limaye,Delicious
1562,former captain diana edulji others panel run,Delicious
1563,supreme court names former cag head 4member panel administrators run 1 3,Delicious
1564,court summons cm suspended bjp mp accused criminal defamation plea,Delicious
1565,amulya patnaik appointed new delhi police commissioner patnaik 1985 agmut cadre ips officer,Delicious
